Feature,Importance
Attention_Index,0.49088161713285744
Exposure_Index,0.29107620071582707
Usia,0.18972853347545043
Education_Num,0.028313648675865173
