Model,Test_R2,RMSE
Linear Regression,0.055264203227501696,0.6361392439272868
Random Forest Regressor,0.37082831995448795,0.5191365250340677
